,matmul_coalsced,matmul_uncoalsced,matmul_block
2,993.9267133732791,268.54966760435263,916.7384527697992
4,316.56406705350616,301.23749094592256,177.02518511810808
8,749.4907976436381,494.67529705291105,699.765833856874
16,978.7494856657426,268.2801230308316,913.9278338118331
32,1047.4275121903784,145.97430311524067,908.6927727902837
