,matmul_coalsced,matmul_uncoalsced,matmul_block
2,25.40514298491802,18.674454092294415,44.442527428374234
4,2.0908499482025245,2.2535090932902926,4.940918756116108
8,2.1567278563029286,2.233149415115601,9.59535672001912
16,19.14453384530454,19.471395316064573,43.61621883720516
32,18.735177314361223,19.211973772654677,51.65092915671375
