,matmul_coalsced,matmul_uncoalsced,matmul_block
2,16.503852113282093,4.622481320857407,57.293356558526305
4,9.138790175968323,5.47536490907092,7.676099775989747
8,14.486145510306168,6.71756357032074,46.28401467184116
16,17.955249970832707,4.5499818995818755,57.5599003249443
32,error,error,error
