,matmul_coalsced,matmul_uncoalsced,matmul_block
2,1006.3277313287284,270.91139024903714,866.678943279441
4,400.5231211049156,334.1940952337857,197.46778445841005
8,805.8493017968146,484.6563676861287,729.4995435457022
16,1011.3048462842208,270.31442277607454,877.664769071551
32,971.2090654318081,142.83562370799257,828.2596316032857
