,matmul_coalsced,matmul_uncoalsced,matmul_block
2,33.34382779884261,4.895942114546805,60.83663041106363
4,15.305352462787022,12.68982535646624,9.401624858549708
8,26.182966669481363,8.13322303391312,52.998742681577276
16,30.519859393848805,4.591592577505087,60.81384917335044
32,error,error,error
