,matmul_coalsced,matmul_uncoalsced,matmul_block
2,992.2525059583071,274.51185222086326,884.1768386699533
4,335.998923041929,300.458785833706,182.25050189196125
8,762.0868088577616,494.0191989046197,704.5659991107362
16,991.1734036287729,277.33129107872907,887.845814351235
32,995.1250266875203,145.32490894917606,864.1579430043016
