,matmul_coalsced,matmul_uncoalsced,matmul_block
2,22.721142009767387,4.658937663046657,59.23509059575045
4,12.430359756751454,8.086054158613589,8.348610021873306
8,17.595131408629843,7.287355536595288,49.897646796032575
16,18.83701384748507,4.6766908710692965,59.83141931666918
32,error,error,error
